Papel;Segmento;Cotação;FFO Yield;Dividend Yield;P/VP;Valor de Mercado;Liquidez;Qtd de imóveis;Preço do m2;Aluguel por m2;Cap Rate;Vacância Média
AAZQ11;Títulos e Val. Mob.;7,42;14,48%;16,00%;0,86;178357000;610697;0;0;0;0,00%;0,00%
ABCP11;Shoppings;84,04;8,30%;7,98%;0,78;395751000;68335;1;5517,42;567,85;10,29%;2,90%
AFHI11;Títulos e Val. Mob.;92,65;11,60%;12,27%;0,98;422078000;725888;0;0;0;0,00%;0,00%
AGRX11;Híbrido;7,78;21,74%;15,59%;0,76;139287000;239179;0;0;0;0,00%;0,00%
AIEC11;Lajes Corporativas;45,25;17,99%;15,75%;0,58;218331000;285262;2;8785,5;2375,61;27,04%;0,00%
AJFI11;Títulos e Val. Mob.;7,42;11,17%;10,90%;0,61;234665000;772855;12;530,13;63,88;12,05%;3,30%
ALMI11;Lajes Corporativas;549,96;6,80%;6,77%;0,26;61142900;27311;1;1332,81;219,54;16,47%;52,00%
ALZC11;Títulos e Val. Mob.;8,66;5,07%;15,64%;0,89;173635000;158518;0;0;0;0,00%;0,00%
ALZR11;Híbrido;9,99;8,38%;9,24%;0,96;1221440000;2471870;18;4525,51;371,25;8,20%;0,00%
ANCR11;Shoppings;148,47;6,62%;4,68%;1,35;3969350000;466;7;11994,4;1056,88;8,81%;4,34%
APTO11;Híbrido;8,49;12,44%;13,69%;0,87;39157800;24235;3;16424,3;1113,12;6,78%;0,00%
APXM11;Híbrido;90,1;4,38%;5,59%;0,73;254906000;435384;1;1413,69;156,83;11,09%;7,87%
AROA11;Outros;1,03;7434,39%;7,17%;1,08;166415;6282;6;1,27;105,21;8302,41%;0,00%
ARRI11;Títulos e Val. Mob.;7,39;9,64%;15,11%;0,87;153172000;214618;0;0;0;0,00%;0,00%
ARXD11;Títulos e Val. Mob.;7,35;13,89%;16,23%;0,79;66232100;169980;0;0;0;0,00%;0,00%
ASMT11;;38;12,39%;0,00%;0,32;41087800;26490;3;2716,25;766,71;28,23%;0,00%
ATSA11;Shoppings;49,99;5,08%;4,41%;0,66;87539500;648;1;2574,79;149,42;5,80%;16,77%
AURB11;Logística;72,8;1,38%;0,00%;1;65411800;2371;2;2034,91;133,19;6,55%;0,00%
AZPL11;;7,25;8,62%;9,38%;0,74;132020000;882757;1;569,39;29,12;5,11%;0,00%
BARI11;Títulos e Val. Mob.;77,1;13,31%;12,89%;0,84;357296000;470253;3;3353,21;0;0,00%;0,00%
BBFI11;Lajes Corporativas;350;94,03%;13,88%;0,5;45500000;38574;1;858,38;1202,3;140,07%;100,00%
BBFO11;Títulos e Val. Mob.;63,49;18,71%;12,39%;0,85;254208000;291926;0;0;0;0,00%;0,00%
BBGO11;Títulos e Val. Mob.;68,63;9,11%;13,07%;0,74;274874000;253958;0;0;0;0,00%;0,00%
BBIG11;Shoppings;7,03;13,06%;14,10%;0,74;696821000;895901;1;11708,2;328,09;2,80%;1,92%
BBRC11;Outros;102;12,76%;12,75%;0,97;162180000;58114;21;9423,23;1456,97;15,46%;12,53%
BCIA11;Títulos e Val. Mob.;86,1;12,72%;11,89%;0,87;320209000;401853;0;0;0;0,00%;0,00%
BCRI11;Títulos e Val. Mob.;66,86;13,26%;13,93%;0,78;418401000;393205;0;0;0;0,00%;0,00%
BGRB11;Lajes Corporativas;99;3,30%;1,94%;1,07;163412000;34360;1;41698,9;1051,14;2,52%;0,00%
BICE11;Títulos e Val. Mob.;900;7,61%;8,53%;0,86;120073000;18673;0;0;0;0,00%;0,00%
BIME11;Híbrido;7;13,83%;14,67%;0,83;40919200;78482;1;287,1;0;0,00%;0,00%
BLCA11;Lajes Corporativas;92,61;6,99%;6,50%;0,71;148176000;467651;1;34071,7;2879,92;8,45%;0,00%
BLMG11;Outros;36,35;13,15%;11,38%;0,51;155171000;465277;2;111,77;40,71;36,42%;58,43%
BLMO11;Lajes Corporativas;79,96;6,85%;6,90%;0,76;79545300;15951;1;9531,55;857,76;9,00%;0,00%
BLOG11;Títulos e Val. Mob.;9,9;2,72%;3,64%;0,88;304887000;311;6;2403,23;112,8;4,69%;10,19%
BLUR11;;68,74;11,13%;10,54%;0,91;6186600;1414;0;0;0;0,00%;0,00%
BMLC11;Híbrido;97,12;8,78%;8,76%;0,92;96965100;714653;1;16078,5;1453,45;9,04%;2,14%
BNFS11;Outros;70,32;21,38%;20,43%;0,9;49224000;147110;18;4512,81;1137,31;25,20%;0,44%
BPFF11;Outros;59,9;17,33%;12,16%;0,84;269090000;219843;0;0;0;0,00%;0,00%
BPML11;Híbrido;80;12,32%;15,82%;0,61;595340000;1072750;4;4458,65;720,5;16,16%;7,37%
BRCO11;Logística;109;7,55%;9,50%;0,92;1733660000;2965580;12;3417,26;306,12;8,96%;4,41%
BRCR11;Híbrido;43,06;11,39%;13,38%;0,5;1147040000;1350050;6;10342,1;1541,49;14,90%;1,17%
BRIM11;Residencial;559,95;-2,17%;22,88%;1,23;69510500;27832;1;136571;0;0,00%;0,00%
BRIP11;Híbrido;928;-3,68%;38,00%;1,29;199961000;38521;0;0;0;0,00%;0,00%
BROF11;Híbrido;51,9;11,25%;11,67%;0,47;602601000;639815;2;6469,13;1004,25;15,52%;5,24%
BTAL11;Outros;77,76;20,35%;12,88%;0,7;465218000;537187;9;1340,13;179,63;13,40%;0,00%
BTCI11;Títulos e Val. Mob.;9,2;11,99%;11,96%;0,91;915595000;1475440;0;0;0;0,00%;0,00%
BTHF11;Híbrido;8,31;7,40%;6,74%;0,82;1710590000;3559960;0;0;0;0,00%;0,00%
BTHI11;Hotel;38,5;10,59%;10,71%;0,56;354913000;32065;14;6203,25;756,2;12,19%;0,00%
BTLG11;Híbrido;100,16;8,68%;9,30%;0,96;4331830000;6618770;27;3349,18;215,59;6,44%;3,39%
BTRA11;Outros;56,8;5,77%;6,82%;0,51;191107000;242430;6;1,3;0,14;11,00%;24,97%
BTSI11;Híbrido;111,6;5,02%;8,10%;0,95;606590000;1235;6;1249,11;81,05;6,49%;0,00%
BTWR11;Lajes Corporativas;103,22;7,07%;6,89%;0,9;83532800;5;1;4169,38;444,13;10,65%;8,00%
BTYU11;Híbrido;10,12;13,42%;15,04%;0,98;303600000;1324;1;0;0;0,00%;0,00%
BVAR11;Outros;1400;3,46%;6,00%;1,76;875756000;34;46;8820,61;338,77;3,84%;22,21%
CACR11;;97,8;14,90%;16,21%;1,02;472992000;1085160;0;0;0;0,00%;0,00%
CARE11;Híbrido;1,2;-9,36%;0,00%;0,17;42923900;39168;1;0;0;0,00%;0,00%
CBOP11;Lajes Corporativas;27,19;2,59%;3,88%;0,4;38473800;50274;1;2352,84;313,7;13,33%;41,60%
CCME11;;8,93;10,38%;10,74%;0,86;605428000;148424;2;5025,23;462,45;9,20%;36,74%
CEOC11;Lajes Corporativas;42,9;12,43%;12,39%;0,59;77893400;29388;1;4939,6;735,92;14,90%;0,00%
CFII11;Híbrido;863,66;4,74%;18,81%;0,72;109097000;21;8;13319,3;614,38;4,61%;0,00%
CJCT11;Lajes Corporativas;56,04;2,52%;2,88%;0,77;175966000;92822;1;9130,33;575,8;6,31%;36,40%
CLIN11;Títulos e Val. Mob.;91;12,22%;13,07%;0,93;395555000;1108460;0;0;0;0,00%;0,00%
CNES11;Lajes Corporativas;1,02;8,67%;8,37%;0,13;34817500;48963;1;107,89;35,93;33,30%;59,40%
CPLG11;Logística;11,09;0,32%;6,61%;1,14;394556000;2931960;1;507,27;2,89;0,57%;0,00%
CPOF11;Híbrido;108,5;3,65%;8,13%;0,98;481639000;7474640;7;3,88;0,28;7,09%;99,97%
CPSH11;Shoppings;9,7;5,82%;12,34%;0,82;773088000;2482100;7;1025,1;76,49;7,46%;0,00%
CPTR11;Títulos e Val. Mob.;7,38;17,39%;11,33%;0,75;305385000;2002020;0;0;0;0,00%;0,00%
CPTS11;Títulos e Val. Mob.;7,35;8,48%;12,42%;0,84;2336040000;8696030;0;0;0;0,00%;0,00%
CPUR11;Híbrido;10,35;7,08%;10,60%;1,05;645541000;6751990;11;7152,34;413,36;5,78%;0,51%
CRAA11;Títulos e Val. Mob.;94,78;8,52%;13,31%;0,93;224613000;696676;0;0;0;0,00%;0,00%
CRFF11;Títulos e Val. Mob.;75,79;9,83%;9,62%;0,91;52298100;161015;0;0;0;0,00%;0,00%
CTXT11;Lajes Corporativas;5,81;-22,48%;0,00%;0,23;22783500;1167;1;496,93;1,71;0,34%;100,00%
CVBI11;Títulos e Val. Mob.;87,85;13,09%;12,81%;0,95;967249000;1904470;0;0;0;0,00%;0,00%
CXAG11;Outros;72,57;12,18%;12,39%;0,63;151716000;130622;32;2631,99;356,57;13,55%;0,00%
CXCE11;Lajes Corporativas;38,99;13,91%;13,09%;0,62;66787900;15947;1;3147,5;482,51;15,33%;0,00%
CXCI11;Títulos e Val. Mob.;69,4;13,44%;12,88%;0,82;142806000;95157;0;0;0;0,00%;0,00%
CXCO11;Lajes Corporativas;58,9;14,03%;13,14%;0,61;231153000;109773;10;2481,54;408,26;16,45%;0,00%
CXRI11;Títulos e Val. Mob.;63,71;11,19%;11,02%;0,78;100392000;49044;0;0;0;0,00%;0,00%
CXTL11;Logística;224,64;11,29%;10,72%;0,54;12040000;4013;1;1692,92;349,64;20,65%;0,00%
DAMA11;Títulos e Val. Mob.;7,49;10,62%;12,00%;0,89;41472400;145047;0;0;0;0,00%;0,00%
DAMT11;Shoppings;16,5;0,65%;0,00%;1,14;293366000;325;2;2639470;241259,85;9,14%;9,48%
DCRA11;;7,6;18,65%;15,82%;0,79;51215700;78481;0;0;0;0,00%;0,00%
DEVA11;Títulos e Val. Mob.;31,48;16,92%;16,60%;0,33;442134000;551475;0;0;0;0,00%;0,00%
DPRO11;;6,26;10,87%;10,48%;0,69;31320200;890;1;1904,78;250,45;13,15%;0,00%
DRIT11;Lajes Corporativas;86,9;6,96%;11,01%;0,66;40258800;637;5;4000,28;474,83;11,87%;0,00%
DVFF11;;6,42;9,84%;12,71%;0,78;70681000;14448;0;0;0;0,00%;0,00%
EDFO11;Lajes Corporativas;125;14,83%;13,75%;0,59;29500000;1247;1;82561;14616,69;17,70%;100,05%
EDGA11;Lajes Corporativas;17,02;2,60%;5,43%;0,36;64881200;9301;1;2583,87;275,58;10,67%;23,55%
EGAF11;Títulos e Val. Mob.;93,38;13,56%;15,21%;0,94;292458000;811124;0;0;0;0,00%;0,00%
EQIR11;Títulos e Val. Mob.;7,84;12,70%;14,61%;0,82;85529000;178966;0;0;0;0,00%;0,00%
ERPA11;Lajes Corporativas;129,2;5,67%;7,85%;0,81;64719100;11201;1;19137,7;1255,52;6,56%;0,00%
EURO11;Logística;228,01;10,42%;9,91%;0,69;87541200;26391;7;738,33;85,04;11,52%;0,00%
EXES11;Títulos e Val. Mob.;9,42;12,63%;14,41%;0,97;66933300;139458;0;0;0;0,00%;0,00%
FAED11;Outros;142,01;13,48%;13,38%;0,64;98324500;74828;4;2128,39;305,78;14,37%;0,00%
FAMB11;Lajes Corporativas;852,75;147,85%;44,98%;0,46;104494000;46100;1;1729,16;59,62;3,45%;98,02%
FATN11;Híbrido;76,97;9,84%;12,79%;0,78;338152000;954810;56;22024,1;2055,68;9,33%;4,54%
FCFL11;Outros;119,44;8,71%;8,56%;0,97;414936000;240772;1;13307,2;1206,77;9,07%;0,00%
FGAA11;Híbrido;8,8;14,01%;17,13%;0,93;396717000;1004490;0;0;0;0,00%;0,00%
FIGS11;Shoppings;45,07;11,82%;11,47%;0,59;128450000;153142;2;1983,46;247,36;12,47%;7,01%
FIIB11;Híbrido;499,15;8,89%;9,63%;1,05;341918000;178617;11;617,8;61,51;9,96%;0,00%
FIIP11;Híbrido;158,6;11,16%;10,62%;0,8;147048000;235473;7;2103,89;266,12;12,65%;0,00%
FISC11;Lajes Corporativas;67;7,80%;8,41%;0,59;113900000;352;4;9034,22;900,19;9,96%;0,00%
FLCR11;Títulos e Val. Mob.;96,8;14,98%;14,33%;1,03;72778500;41749;0;0;0;0,00%;0,00%
FLMA11;Híbrido;129,2;10,13%;9,64%;0,59;178383000;91024;2;15393,8;1930,98;12,54%;0,00%
FLRP11;Shoppings;20,89;829,54%;7,70%;0,01;1514520;12532;1;29,66;266,49;898,52%;1,21%
FMOF11;Lajes Corporativas;78;2,69%;3,53%;0,67;39624600;178601;2;2347,32;172,71;7,36%;0,00%
FPAB11;Lajes Corporativas;174,02;7,80%;7,71%;0,49;130515000;150592;2;3568,96;386,54;10,83%;19,00%
FPNG11;Lajes Corporativas;326,18;1,46%;0,00%;1,88;851968000;32;8;59967,8;1604,83;2,68%;1,92%
FTCA11;Títulos e Val. Mob.;7,92;20,03%;15,84%;0,75;35322800;59508;0;0;0;0,00%;0,00%
FTCE11;Híbrido;2841,75;-0,30%;2,88%;1;3606230000;483583;79;2025,17;47,75;2,36%;0,01%
FVPQ11;Shoppings;57,5;10,97%;9,27%;0,33;161009000;83687;1;2799,45;787,57;28,13%;12,40%
FYTO11;Títulos e Val. Mob.;8,34;14,20%;2,33%;0,85;127447000;121126;0;0;0;0,00%;0,00%
FZDA11;Outros;118,31;0,74%;3,35%;0,68;183380000;1476;6;2,08;0,03;1,64%;0,00%
FZDB11;Outros;130,43;2,99%;3,12%;0,77;469548000;271;20;3,34;0,12;3,69%;0,00%
GAME11;Outros;8,52;26,95%;12,77%;0,9;184864000;122034;0;0;0;0,00%;0,00%
GARE11;;8,8;8,06%;11,75%;0,97;1297630000;4763760;4;194,86;22,24;11,41%;0,00%
GCOI11;Híbrido;98,9;-3,35%;0,00%;1,02;11175700;265;5;5996,73;0;0,00%;0,00%
GCRA11;Títulos e Val. Mob.;50,01;14,53%;15,41%;0,58;87560800;152016;0;0;0;0,00%;0,00%
GCRI11;Títulos e Val. Mob.;65,66;14,19%;15,55%;0,73;95460400;246890;1;973,86;0;0,00%;0,00%
GGRC11;Logística;10,06;10,13%;11,37%;0,9;1235040000;3709620;26;2059,54;185,69;9,02%;0,00%
GLCR11;Híbrido;101,76;0,00%;0,00%;0,99;26413100;3404;0;0;0;0,00%;0,00%
GLOG11;Logística;58;15,83%;9,64%;0,53;43500000;14802;1;605,51;126,12;20,83%;0,00%
GLPF11;Logística;104,34;1,45%;2,40%;1,04;157032000;27698;0;0;0;0,00%;0,00%
GRUL11;;8,41;10,62%;9,14%;0,88;207727000;387576;1;45009,8;3804,92;8,45%;0,00%
GRWA11;;8,46;10,27%;13,90%;0,85;23336800;12657;0;0;0;0,00%;0,00%
GSFI11;Shoppings;8,11;0,00%;0,00%;0,63;779425000;2230380;0;0;0;0,00%;0,00%
GTWR11;Lajes Corporativas;76,41;13,15%;12,52%;0,77;916920000;999670;3;5509,19;772,47;14,02%;0,00%
GZIT11;Híbrido;47,6;9,90%;19,32%;0,52;1039640000;484771;6;8579,12;1079,24;12,58%;2,36%
HAAA11;Lajes Corporativas;39,27;3,90%;4,04%;0,53;135678000;293;2;10346,5;940,34;9,09%;9,65%
HABT11;Títulos e Val. Mob.;82,99;13,23%;16,07%;0,88;674442000;799523;0;0;0;0,00%;0,00%
HBCR11;Lajes Corporativas;138;7,28%;17,24%;1,12;220800000;956695;2;2222,61;423,86;19,07%;0,00%
HCHG11;Outros;78,88;7,44%;12,26%;0,83;94656000;191888;0;0;0;0,00%;0,00%
HCRI11;Hospital;264,99;11,79%;11,78%;0,81;52998000;36110;1;9521,32;1217,22;12,78%;0,00%
HCTR11;Títulos e Val. Mob.;23,07;19,50%;19,93%;0,23;509483000;869540;0;0;0;0,00%;0,00%
HDEL11;Logística;100,01;24,19%;30,45%;2,05;84008400;19;1;4528,98;275,71;6,09%;0,00%
HFOF11;Títulos e Val. Mob.;5,96;107,60%;11,73%;0,09;137354000;1506460;0;0;0;0,00%;0,00%
HGAG11;Outros;13,9;7,22%;12,31%;0,57;3450700;929;0;0;0;0,00%;0,00%
HGBL11;Logística;8,62;8,71%;16,79%;0,95;216668000;666804;1;1635,89;232,49;14,21%;0,00%
HGBS11;Shoppings;19,97;77,25%;9,68%;0,09;257879000;2328530;16;452,39;411,11;90,88%;4,96%
HGCR11;Títulos e Val. Mob.;96,1;12,27%;12,15%;0,99;1481680000;2282010;0;0;0;0,00%;0,00%
HGFF11;Títulos e Val. Mob.;70,87;12,48%;12,51%;0,86;202943000;277635;0;0;0;0,00%;0,00%
HGIC11;Títulos e Val. Mob.;66,57;6,22%;16,48%;0,6;30802300;18780;2;1305,6;0;0,00%;0,00%
HGLG11;Logística;159,8;7,29%;8,20%;0,98;5399250000;6133530;27;3273,22;258,13;7,89%;4,60%
HGPO11;Lajes Corporativas;133;4,54%;19,94%;0,97;233157000;244097;0;0;0;0,00%;0,00%
HGRE11;Lajes Corporativas;112,62;6,85%;9,12%;0,73;1330920000;1765640;13;7399,39;737,52;9,97%;23,67%
HGRU11;Híbrido;123,3;8,63%;9,59%;0,98;2865250000;3812840;104;4644,1;340,59;7,33%;0,82%
HLOG11;Logística;8,18;57,57%;7,26%;0,07;34765000;55776;4;170,97;179,37;104,91%;2,96%
HOFC11;Lajes Corporativas;28,01;0,29%;1,49%;0,43;105850000;130073;3;2316,94;404,85;17,47%;49,80%
HOSI11;Híbrido;86,23;8,04%;8,47%;0,95;49448600;240898;2;0;0;0,00%;0,00%
HPDP11;Shoppings;90,8;7,37%;7,12%;0,97;298550000;1221580;1;2206,77;170,27;7,72%;16,81%
HRDF11;Híbrido;3;-0,46%;0,00%;0,41;4552280;55;0;0;0;0,00%;0,00%
HREC11;Títulos e Val. Mob.;8,34;11,30%;11,86%;0,95;431061000;314811;0;0;0;0,00%;0,00%
HSAF11;Títulos e Val. Mob.;81,75;13,58%;13,17%;0,92;206530000;345018;0;0;0;0,00%;0,00%
HSLG11;Logística;82,77;10,76%;10,20%;0,8;1047870000;561433;5;2563,75;277,47;10,82%;0,00%
HSML11;Shoppings;84,77;8,17%;10,52%;0,78;1763940000;2163500;13;7227,18;811,26;11,23%;3,11%
HSRE11;Híbrido;102;6,47%;9,97%;1,13;907670000;2439590;24;7385,14;616,05;8,34%;0,00%
HTMX11;Hotel;136,11;4,56%;16,16%;0,94;393098000;897540;22;8217,47;451,42;5,49%;0,00%
HUCG11;Hospital;106,5;-0,55%;0,00%;1,04;119493000;535;2;4175,13;0;0,00%;0,00%
HUSC11;Outros;95,35;11,67%;11,05%;0,63;81125800;6269;1;1089,63;154,89;14,22%;0,00%
HUSI11;Hospital;1240;8,30%;8,09%;0,99;144289000;89;1;7053,96;632,98;8,97%;0,00%
IAAG11;Títulos e Val. Mob.;7,35;13,13%;15,83%;0,75;76838200;117656;0;0;0;0,00%;0,00%
IAGR11;Outros;3,95;0,19%;3,10%;0,62;11051900;31280;0;0;0;0,00%;0,00%
IBBP11;Outros;7,9;9,30%;4,53%;0,88;241178000;3388;24;728,91;85,92;11,79%;0,21%
IBCR11;Títulos e Val. Mob.;59,12;10,51%;16,82%;0,63;56662000;238587;0;0;0;0,00%;0,00%
ICRI11;Títulos e Val. Mob.;97,95;9,67%;13,33%;0,98;377828000;1006760;0;0;0;0,00%;0,00%
INLG11;Logística;75,2;12,41%;11,95%;0,75;339310000;304656;5;2821,49;375,13;13,30%;0,84%
INRD11;Residencial;69,91;12,88%;10,26%;0,59;79047700;48772;5;3010,72;543,05;18,04%;1,18%
IRDM11;Títulos e Val. Mob.;69,33;13,98%;13,21%;0,84;2525960000;2694670;0;0;0;0,00%;0,00%
IRIM11;Híbrido;68,43;14,95%;14,32%;0,79;131386000;35083;1;2654,3;0;0,00%;0,00%
ISCJ11;Títulos e Val. Mob.;96,19;9,44%;8,57%;0,4;18050100;87;0;0;0;0,00%;0,00%
ITIP11;Títulos e Val. Mob.;67,61;5,75%;12,25%;0,97;50582500;61945;0;0;0;0,00%;0,00%
ITIT11;Títulos e Val. Mob.;71,27;12,96%;10,19%;0,93;64178200;128613;0;0;0;0,00%;0,00%
ITRI11;Híbrido;81,78;10,99%;11,51%;0,89;511125000;830872;0;0;0;0,00%;0,00%
JASC11;Híbrido;103;7,18%;7,25%;0,91;359402000;1632;16;3512,2;313,77;8,93%;1,30%
JCCJ11;Títulos e Val. Mob.;159,5;3,45%;3,52%;0,84;266127000;1104190;0;0;0;0,00%;0,00%
JCIN11;Títulos e Val. Mob.;150;4,78%;4,30%;0,96;197658000;1335890;0;0;0;0,00%;0,00%
JFLL11;Residencial;69,6;19,04%;9,75%;0,65;104442000;55004;2;7100,73;1636,1;23,04%;9,00%
JGPX11;;63,09;19,37%;14,59%;0,67;135091000;194879;0;0;0;0,00%;0,00%
JPPA11;Híbrido;79,88;15,66%;15,61%;0,83;72215500;89472;0;0;0;0,00%;0,00%
JPPC11;Híbrido;143,65;-4,84%;9,17%;0,7;7900750;3245;0;0;0;0,00%;0,00%
JSAF11;Títulos e Val. Mob.;7,9;12,19%;13,99%;0,89;612434000;1510530;0;0;0;0,00%;0,00%
JSCR11;Títulos e Val. Mob.;8,53;9,21%;9,73%;0,91;188829000;423665;0;0;0;0,00%;0,00%
JSRE11;Híbrido;64,11;9,46%;8,91%;0,63;1331390000;1822120;6;11380,1;1137,81;10,00%;2,98%
KCRE11;Títulos e Val. Mob.;9,1;12,70%;12,38%;0,96;327600000;374850;0;0;0;0,00%;0,00%
KDOL11;Títulos e Val. Mob.;94,82;-0,41%;3,57%;0,92;63622500;226891;0;0;0;0,00%;0,00%
KEVE11;Residencial;870;9,68%;20,61%;1,57;128500000;36324;1;0;0;0,00%;0,00%
KFEN11;Outros;1100;3,38%;4,14%;1,15;196516000;268;0;0;0;0,00%;0,00%
KFOF11;Títulos e Val. Mob.;81,87;11,04%;10,94%;0,94;574282000;1071050;0;0;0;0,00%;0,00%
KISU11;Títulos e Val. Mob.;7,06;11,72%;11,75%;0,87;312024000;499714;0;0;0;0,00%;0,00%
KIVO11;Títulos e Val. Mob.;66,6;17,31%;16,61%;0,78;148034000;464698;0;0;0;0,00%;0,00%
KNCA11;Títulos e Val. Mob.;96,69;11,44%;12,98%;0,94;2088500000;2614450;0;0;0;0,00%;0,00%
KNCR11;Títulos e Val. Mob.;104;9,02%;11,56%;1,02;7957010000;10999500;0;0;0;0,00%;0,00%
KNHF11;Híbrido;91,39;11,84%;11,74%;0,93;1797020000;4264780;3;19979,3;1155,25;5,78%;1,66%
KNHY11;Títulos e Val. Mob.;103,1;11,25%;12,78%;1,04;2904280000;2615550;0;0;0;0,00%;0,00%
KNIP11;Títulos e Val. Mob.;91;12,38%;11,77%;0,99;7287110000;5625380;0;0;0;0,00%;0,00%
KNRE11;Residencial;0,25;-2,72%;0,00%;0,37;4636790;4130;0;0;0;0,00%;0,00%
KNRI11;Híbrido;144,39;7,98%;8,25%;0,89;4072380000;6993050;20;5045,77;383,27;7,60%;0,11%
KNSC11;Títulos e Val. Mob.;8,92;8,23%;12,08%;1,01;1803650000;4944360;0;0;0;0,00%;0,00%
KNUQ11;Títulos e Val. Mob.;104,15;10,30%;12,48%;1,03;1594800000;2646880;0;0;0;0,00%;0,00%
KOPA11;Títulos e Val. Mob.;971,99;11,84%;18,82%;0,97;344742000;297617;0;0;0;0,00%;0,00%
KORE11;Títulos e Val. Mob.;86,94;17,20%;16,99%;0,82;836798000;1968170;4;13584,8;1746,87;12,86%;2,34%
LAFI11;Híbrido;112,84;8,36%;11,71%;0,98;64064000;40844;2;7,46;0,7;9,44%;0,00%
LASC11;Shoppings;100;9,31%;8,67%;0,7;294030000;910329;2;14282,7;1439,92;10,08%;2,40%
LFTT11;Outros;6,14;-11,45%;0,00%;0,41;20047100;49740;51;42,07;0;0,00%;99,33%
LIFE11;Outros;8,79;11,90%;17,84%;0,88;333152000;616791;0;0;0;0,00%;0,00%
LPLP11;Residencial;408;15,73%;28,04%;1,03;236848000;121964;0;0;0;0,00%;0,00%
LRDI11;Híbrido;86,48;-0,41%;0,00%;1,05;31978500;5;0;0;0;0,00%;0,00%
LSAG11;Títulos e Val. Mob.;75,85;16,20%;16,91%;0,77;76558000;51893;0;0;0;0,00%;0,00%
LTMT11;Residencial;95,21;5,21%;8,03%;1;11897400;3037;0;0;0;0,00%;0,00%
LVBI11;Logística;102,3;9,37%;9,77%;0,82;1648930000;2294610;10;2956,44;304,89;10,31%;7,93%
MALL11;Híbrido;102,27;13,91%;9,46%;0,84;1429950000;2790870;11;4739,2;755,88;15,95%;3,64%
MANA11;;8,82;8,21%;13,99%;0,95;331069000;1136630;0;0;0;0,00%;0,00%
MAXR11;Híbrido;65;7,84%;28,75%;0,62;73167600;318336;7;1206,52;118,41;9,81%;24,55%
MCCI11;Títulos e Val. Mob.;84,65;11,31%;11,69%;0,9;1435670000;3033240;0;0;0;0,00%;0,00%
MCEM11;Títulos e Val. Mob.;65;-0,32%;0,00%;1,78;187832000;210939;0;0;0;0,00%;0,00%
MCLO11;Híbrido;10,5;2,09%;3,30%;1,05;1308750000;2354920;4;1834,1;30,46;1,66%;0,00%
MCRE11;Títulos e Val. Mob.;8,77;12,33%;14,18%;0,86;978723000;3081180;1;1595,66;80,15;5,02%;35,85%
MFII11;Híbrido;84,78;3,91%;16,15%;0,81;505492000;867846;3;8650,67;0;0,00%;0,00%
MGHT11;Híbrido;12,89;2,37%;6,99%;0,49;16934700;73211;1;3149,64;345,44;10,97%;0,00%
MXRF11;Híbrido;9,6;9,86%;11,75%;1,02;4198320000;11149100;2;25712,5;0;0,00%;0,00%
NAVT11;Títulos e Val. Mob.;71,96;11,47%;14,00%;0,85;44059800;99738;0;0;0;0,00%;0,00%
NCHB11B;Títulos e Val. Mob.;7,97;15,42%;14,84%;0,82;121793000;7729;0;0;0;0,00%;0,00%
NCRA11;Títulos e Val. Mob.;7,7;21,21%;15,44%;0,73;34341600;63185;0;0;0;0,00%;0,00%
NCRI11;Títulos e Val. Mob.;8,2;14,59%;14,56%;0,82;32390000;14235;0;0;0;0,00%;0,00%
NEWL11;Híbrido;102,4;15,23%;11,14%;0,78;288503000;382125;3;3012,45;415,52;13,79%;0,00%
NEWU11;Híbrido;82,63;5,44%;1,11%;1,06;61311500;514369;3;4387,69;767,95;17,50%;47,02%
NEXG11;Outros;130;3,60%;8,12%;1,3;90805000;336900;0;0;0;0,00%;0,00%
NSLU11;Hospital;161,56;11,35%;11,40%;0,77;208943000;345529;1;8531,75;1048,18;12,29%;0,00%
NVHO11;Hospital;12,59;14,81%;8,00%;0,76;522416000;2217;4;16963,4;2589,45;15,26%;0,00%
OCRE11;Títulos e Val. Mob.;73,89;9,86%;10,79%;0,82;31254400;23202;0;0;0;0,00%;0,00%
OIAG11;Títulos e Val. Mob.;7,43;13,92%;15,80%;0,75;67115200;185558;0;0;0;0,00%;0,00%
OUJP11;Híbrido;78,99;15,04%;13,91%;0,79;256906000;455195;0;0;0;0,00%;0,00%
OULG11;Logística;39,08;5,87%;1,91%;0,63;96968600;218108;2;1307,42;141,39;10,81%;0,00%
PATA11;Outros;10,68;9,61%;7,97%;1,07;18177400;10401;0;0;0;0,00%;0,00%
PATC11;Lajes Corporativas;36,99;4,66%;4,36%;0,9;128630000;1369210;4;16507,4;1145,24;6,94%;0,00%
PATL11;Logística;49,63;14,48%;13,62%;0,51;247730000;372544;4;1588,16;272,33;17,15%;8,79%
PEMA11;Títulos e Val. Mob.;51,5;13,53%;14,05%;0,83;28428000;541;0;0;0;0,00%;0,00%
PLAG11;Outros;48,15;11,10%;11,11%;0,79;251432000;539709;12;1820,69;221,89;12,19%;0,00%
PLCA11;Títulos e Val. Mob.;72;21,25%;14,36%;0,76;40105400;66461;0;0;0;0,00%;0,00%
PLCR11;Títulos e Val. Mob.;81,23;15,13%;11,84%;0,89;171328000;263572;0;0;0;0,00%;0,00%
PLRI11;Títulos e Val. Mob.;14,57;4,75%;40,21%;0,8;13904200;6284;0;0;0;0,00%;0,00%
PMFO11;;86,71;8,09%;11,36%;0,99;84620900;10256;0;0;0;0,00%;0,00%
PMIS11;Títulos e Val. Mob.;8,13;11,93%;13,98%;0,88;120350000;274297;0;0;0;0,00%;0,00%
PNDL11;Títulos e Val. Mob.;1050;-0,37%;0,00%;0,99;151549000;115125;0;0;0;0,00%;0,00%
PNPR11;Híbrido;51;4,87%;0,00%;1,33;45788700;27672;0;0;0;0,00%;0,00%
PORD11;Títulos e Val. Mob.;8,3;12,52%;12,74%;0,87;309455000;499882;0;0;0;0,00%;0,00%
PQAG11;Logística;52,79;10,85%;10,43%;0,92;738632000;472774;1;11670,8;1223,78;10,49%;0,00%
PQDP11;Shoppings;2357;10,39%;8,54%;0,7;237022000;187777;1;1805,61;211,44;11,71%;2,16%
PRSN11;Residencial;1,11;-11,85%;45,18%;0,33;3586680;238;2;6918,84;0;0,00%;0,00%
PRSV11;Lajes Corporativas;47,65;-19,79%;0,00%;0,32;10174800;800;1;1029,09;0;0,00%;100,00%
PULV11;Títulos e Val. Mob.;7,88;16,48%;11,90%;0,8;94561900;32185;0;0;0;0,00%;0,00%
PVBI11;Lajes Corporativas;78,69;8,66%;8,64%;0,75;2134870000;3731670;7;20263,7;1843,03;9,10%;13,29%
QAGR11;Outros;41;13,19%;12,94%;0,68;206640000;149034;12;1432,53;217,65;15,19%;0,00%
RBCO11;Lajes Corporativas;44;12,33%;8,39%;0,49;166276000;144616;4;3812,31;614,84;16,13%;0,00%
RBDS11;Residencial;2,32;-66,08%;0,00%;0,13;293533;68;0;0;0;0,00%;0,00%
RBFF11;Títulos e Val. Mob.;52,1;12,41%;11,65%;0,86;195334000;353770;0;0;0;0,00%;0,00%
RBHG11;Títulos e Val. Mob.;69,49;11,94%;14,58%;0,79;150651000;215526;0;0;0;0,00%;0,00%
RBHY11;Títulos e Val. Mob.;81,05;12,73%;14,95%;0,87;153469000;296263;0;0;0;0,00%;0,00%
RBIR11;Residencial;87,69;3,18%;4,57%;0,94;134044000;109922;1;61783,2;0;0,00%;0,00%
RBLG11;Logística;46;15,08%;17,44%;0,69;29449200;1113;1;284,44;28,21;9,92%;0,00%
RBOP11;Outros;202;17,67%;10,16%;0,29;20536100;25366;2;1143,63;152,2;13,31%;81,98%
RBRD11;;40,56;13,21%;12,64%;0,63;75108400;42151;4;2678,6;385,51;14,39%;0,00%
RBRF11;Títulos e Val. Mob.;7,02;15,88%;11,67%;0,82;960390000;2045490;0;0;0;0,00%;0,00%
RBRI11;Híbrido;800,01;52,43%;40,06%;0,98;111733000;4280;0;0;0;0,00%;0,00%
RBRL11;Logística;79,99;9,31%;10,80%;0,76;534896000;446629;5;2111,36;256,51;12,15%;0,00%
RBRP11;Outros;50,32;6,84%;12,15%;0,66;612857000;1242060;6;9749,11;685,7;7,03%;0,00%
RBRR11;Títulos e Val. Mob.;86,89;10,29%;11,99%;0,94;1308320000;2375770;0;0;0;0,00%;0,00%
RBRS11;Híbrido;43,97;-1,77%;0,64%;0,46;76257100;51610;3;11905,9;728,53;6,12%;29,54%
RBRX11;Títulos e Val. Mob.;8,15;12,30%;12,62%;0,84;240170000;364098;1;9687,14;0;0,00%;0,00%
RBRY11;Títulos e Val. Mob.;93,24;10,80%;12,58%;0,97;1190630000;2395250;0;0;0;0,00%;0,00%
RBTS11;Outros;306,04;-2,77%;6,64%;0,79;17298900;345;0;0;0;0,00%;0,00%
RBVA11;Outros;8,7;84,38%;11,78%;0,08;135844000;1864720;82;450,47;498,87;110,74%;8,76%
RCFF11;Títulos e Val. Mob.;98;27,00%;20,81%;0,96;31673600;6683;0;0;0;0,00%;0,00%
RCRB11;Lajes Corporativas;129;8,00%;8,62%;0,64;476100000;1479920;9;12153,5;1231,94;10,14%;2,30%
RECD11;Títulos e Val. Mob.;10;5,41%;7,56%;1,01;54537800;378;0;0;0;0,00%;0,00%
RECM11;Híbrido;8,95;5,42%;6,73%;0,91;75184600;19717;0;0;0;0,00%;0,00%
RECR11;Títulos e Val. Mob.;84,51;13,02%;13,36%;0,94;2234580000;2742310;1;43465,6;0;0,00%;100,02%
RECT11;Híbrido;33,7;13,24%;12,67%;0,37;287916000;265324;9;3788,13;776,67;20,50%;7,30%
REIT11;Títulos e Val. Mob.;85;10,50%;8,45%;0,29;2234740;81;0;0;0;0,00%;0,00%
RELG11;Híbrido;72,94;4,81%;6,42%;0,65;97343000;424682;5;993,97;181,56;18,27%;8,47%
RENV11;Outros;7,01;-5,82%;3,62%;0,75;7197830;4814;0;0;0;0,00%;0,00%
RFOF11;Títulos e Val. Mob.;62,09;11,91%;13,14%;0,89;66943200;165678;0;0;0;0,00%;0,00%
RINV11;Títulos e Val. Mob.;103,56;7,79%;12,60%;1,01;339628000;408750;0;0;0;0,00%;0,00%
RMAI11;Híbrido;72,7;8,24%;7,88%;0,68;177664000;66260;2;4226,88;498,55;11,79%;38,25%
RNDP11;Títulos e Val. Mob.;40,5;7,21%;37,14%;0,72;4352980;1154;0;0;0;0,00%;0,00%
RNGO11;Lajes Corporativas;45,05;10,75%;10,06%;0,54;120554000;51452;4;2065,57;301,95;14,62%;13,21%
ROOF11;Outros;420;-11,70%;0,00%;1,01;32547900;1025;42;1281,16;0,18;0,01%;0,00%
RPRI11;Títulos e Val. Mob.;87,35;12,54%;13,85%;0,88;303255000;329691;0;0;0;0,00%;0,00%
RRCI11;Títulos e Val. Mob.;73,39;13,20%;13,73%;0,81;35356100;11336;0;0;0;0,00%;0,00%
RSPD11;Residencial;922,51;6,98%;7,79%;0,95;137464000;16547;1;80359,2;0;0,00%;0,00%
RURA11;Títulos e Val. Mob.;8,52;12,59%;11,92%;0,83;1364050000;1868610;0;0;0;0,00%;0,00%
RVBI11;Títulos e Val. Mob.;64,8;13,06%;13,42%;0,86;665886000;1090220;0;0;0;0,00%;0,00%
RZAG11;Títulos e Val. Mob.;8,92;18,68%;14,86%;0,93;606921000;1214060;0;0;0;0,00%;0,00%
RZAK11;Títulos e Val. Mob.;80,06;15,74%;16,71%;0,93;705159000;1811610;0;0;0;0,00%;0,00%
RZAT11;Híbrido;91,45;-57,20%;13,66%;0,9;387295000;781139;11;1275,76;114,4;8,97%;0,00%
RZEO11;Outros;193;-0,28%;26,96%;0,95;608514000;146;36;970,63;208,45;21,48%;0,00%
RZLC11;Outros;1009,87;8,10%;8,09%;1,01;50493500;749215;0;0;0;0,00%;0,00%
RZTR11;Títulos e Val. Mob.;92,69;17,69%;12,63%;0,96;1747370000;3737680;17;2,64;0,31;11,85%;24,40%
RZZR11;Outros;160;7,62%;8,62%;0,96;808556000;53373;10;38,95;3,12;8,01%;0,00%
RZZV11;Logística;1000;2,78%;2,08%;0,99;109451000;13902;1;637,92;18,36;2,88%;0,00%
SADI11;Títulos e Val. Mob.;8,68;12,43%;12,35%;0,9;134426000;149188;0;0;0;0,00%;0,00%
SAIC11;Lajes Corporativas;34,04;-2,42%;0,00%;0,61;48668300;4;1;4406,38;70,69;1,60%;100,00%
SAPI11;Títulos e Val. Mob.;8,9;12,79%;12,50%;0,89;137388000;104965;0;0;0;0,00%;0,00%
SARE11;Híbrido;4,68;6,28%;6,14%;0,6;432167000;693411;2;2447,15;297,72;12,17%;89,68%
SCPF11;Híbrido;2,77;1,20%;0,00%;0,26;11634000;4492;2;2366,65;675,7;28,55%;27,01%
SEQR11;Outros;49;14,47%;13,99%;0,52;81619100;109943;4;1996,14;369,95;18,53%;0,00%
SHOP11;Híbrido;21;9,42%;0,00%;0,59;47297200;28703;1;1747,1;292,53;16,74%;44,36%
SHPH11;Shoppings;935;6,38%;6,38%;0,9;569368000;106176;1;14411,6;1179,73;8,19%;1,95%
SJAU11;Logística;25,5;45,20%;13,36%;1,27;202272000;6863;0;0;0;0,00%;0,00%
SMRE11;Outros;78;0,21%;16,02%;0,76;73716100;338368;0;0;0;0,00%;0,00%
SNAG11;Híbrido;9,68;11,46%;12,77%;0,95;587967000;1366820;3;124,67;12,03;9,65%;0,00%
SNCI11;Títulos e Val. Mob.;90,89;12,26%;12,99%;0,93;381738000;435372;0;0;0;0,00%;0,00%
SNEL11;Híbrido;8,59;4,81%;13,59%;1,06;329291000;782752;1;0;0;7,10%;0,00%
SNFF11;Títulos e Val. Mob.;73,4;9,13%;13,26%;0,88;295115000;741601;0;0;0;0,00%;0,00%
SNFZ11;Híbrido;9,61;5,27%;5,48%;0,98;59582000;51645;2;40018,8;613,93;1,53%;0,00%
SNLG11;Híbrido;0,64;428,26%;1,55%;-5,67;1619180;264369;0;0;0;0,00%;0,00%
SNME11;Híbrido;9,67;12,03%;12,87%;1,01;71734400;29380;0;0;0;0,00%;0,00%
SOFF11;Outros;101,94;-6,51%;3,48%;1,09;5097000;94215;0;0;0;0,00%;0,00%
SPTW11;Lajes Corporativas;35,9;25,79%;13,73%;0,61;64548200;56399;1;4497,4;1265,33;28,13%;0,00%
SPXS11;Híbrido;8,81;11,78%;13,24%;0,94;177865000;325932;0;0;0;0,00%;0,00%
TELM11;Híbrido;9,99;5,55%;5,31%;1,01;21452100;25151;1;0;0;0,00%;0,00%
TEPP11;Lajes Corporativas;83;9,11%;12,74%;0,86;350423000;536628;5;10680,1;1055,78;9,89%;0,00%
TGAR11;Híbrido;89,51;11,56%;14,96%;0,79;2109570000;4733550;5;39,47;1,41;3,57%;0,00%
TJKB11;Lajes Corporativas;252,6;7,53%;13,64%;0,95;294190000;47922;8;7929,97;735,32;9,27%;0,00%
TMPS11;Títulos e Val. Mob.;81,5;12,12%;15,16%;0,87;79785900;271602;0;0;0;0,00%;0,00%
TOPP11;Outros;73,2;6,69%;7,75%;0,74;331467000;400252;2;37808;1327,93;3,51%;19,41%
TORD11;Híbrido;0,63;1,67%;0,77%;0,11;22082400;25782;0;0;0;0,00%;0,00%
TRBL11;Logística;62,05;8,39%;13,58%;0,65;480211000;480145;6;1262,68;218,7;17,32%;0,00%
TRNT11;Lajes Corporativas;98;6,26%;0,26%;0,56;385685000;12068;1;6377,22;612,24;9,60%;34,20%
TRXB11;Híbrido;124,98;7,57%;16,22%;1,18;426663000;3444240;13;1764,23;231,79;13,14%;0,00%
TRXF11;Híbrido;102,27;10,83%;12,32%;1,01;2049040000;6470130;40;2968,75;236,27;7,96%;0,00%
TRXY11;Híbrido;9,23;4,65%;6,52%;0,99;33317700;283215;0;0;0;0,00%;0,00%
TSER11;Lajes Corporativas;102;11,25%;11,15%;1,03;141246000;2;1;2872,25;251,03;8,74%;0,00%
TSNC11;Híbrido;84,44;3,31%;863,14%;1,06;91767700;18;1;7287,97;-5,27;-0,07%;100,00%
TVRI11;Lajes Corporativas;90,55;10,23%;13,04%;0,89;1441530000;1054730;61;3431,31;483,66;14,10%;2,83%
URHF11;;92;23,30%;13,60%;0,96;10158400;2467;0;0;0;0,00%;0,00%
URPR11;Outros;49,35;12,32%;21,47%;0,49;579068000;1408120;0;0;0;0,00%;0,00%
VCJR11;Títulos e Val. Mob.;86,08;13,43%;13,02%;0,92;1267440000;1409230;0;0;0;0,00%;0,00%
VCRA11;Títulos e Val. Mob.;66,76;19,71%;17,39%;0,65;306690000;750868;0;0;0;0,00%;0,00%
VCRI11;Títulos e Val. Mob.;7,57;11,04%;14,34%;0,8;155516000;134365;0;0;0;0,00%;0,00%
VCRR11;Logística;62,81;10,83%;10,88%;0,49;125620000;205870;4;2212,79;478,22;21,61%;0,00%
VGHF11;;7,69;11,88%;13,75%;0,9;1266710000;2817980;0;0;0;0,00%;0,00%
VGIA11;Títulos e Val. Mob.;8,88;14,00%;15,25%;0,92;767721000;1616650;0;0;0;0,00%;0,00%
VGIP11;Títulos e Val. Mob.;81,83;12,30%;12,43%;0,91;964550000;1309490;0;0;0;0,00%;0,00%
VGIR11;Títulos e Val. Mob.;9,57;11,96%;13,41%;0,98;1398190000;6239330;0;0;0;0,00%;0,00%
VGRI11;;8,05;17,02%;21,20%;0,76;281925000;611012;5;4988,49;920,99;18,46%;20,64%
VHFA11;Outros;10,2;14,79%;3,57%;1;81520100;344130;0;0;0;0,00%;0,00%
VILG11;Logística;86;8,61%;8,83%;0,76;1289780000;1654410;15;2267,79;234,61;10,35%;3,04%
VINO11;Lajes Corporativas;5,08;10,75%;12,12%;0,49;420758000;616572;10;6262,81;1040,53;16,61%;7,82%
VISC11;Shoppings;103,26;9,12%;9,54%;0,83;2976850000;3874630;30;2825,62;280,72;9,93%;5,31%
VIUR11;Outros;5,75;14,31%;13,81%;0,66;154941000;239801;7;2251,24;329,31;14,63%;3,14%
VOTS11;Títulos e Val. Mob.;77,84;13,51%;10,67%;0,86;64444700;11288;0;0;0;0,00%;0,00%
VRTA11;Títulos e Val. Mob.;82;12,41%;12,24%;0,92;1278580000;1433200;0;0;0;0,00%;0,00%
VRTM11;Híbrido;7,11;10,05%;15,21%;0,76;333966000;435221;24;4358,63;0;0,00%;0,00%
VSHO11;Shoppings;70,71;12,25%;10,78%;0,68;148406000;35078;3;1673,05;386,08;23,08%;10,21%
VSLH11;Outros;2,95;9,42%;14,66%;0,29;88099100;151837;0;0;0;0,00%;0,00%
VTLT11;Logística;90,14;12,66%;12,42%;0,86;190646000;59504;1;737,03;107,2;14,54%;0,00%
VVCR11;Títulos e Val. Mob.;10,15;10,52%;11,12%;0,97;76209600;40421;0;0;0;0,00%;0,00%
VVMR11;Híbrido;81,99;3,82%;8,37%;0,76;231473000;1340940;5;6553,53;544,6;8,31%;2,83%
VVRI11;Híbrido;75;9,79%;12,78%;0,78;60201200;103889;2;2220,65;424,74;19,13%;0,00%
VXXV11;Outros;700;-0,78%;34,13%;1,14;193512000;885197;1;92,32;3,4;3,68%;90,00%
WHGR11;Híbrido;9,02;12,66%;13,09%;0,94;278830000;259778;1;6934,16;0;0,00%;0,00%
WPLZ11;Shoppings;49,69;8,12%;8,10%;0,74;58015500;5977;1;1531,65;139,09;9,08%;10,22%
WSEC11;Títulos e Val. Mob.;6,28;16,37%;13,01%;0,72;15426900;5180;0;0;0;0,00%;0,00%
WTSP11;Híbrido;56,95;23,15%;19,78%;0,68;70536700;1594;1;5719,05;325,76;5,70%;4,14%
XPCA11;Títulos e Val. Mob.;7,77;13,29%;12,51%;0,81;353714000;846312;0;0;0;0,00%;0,00%
XPCI11;Títulos e Val. Mob.;80,1;11,88%;12,59%;0,91;696994000;1267560;0;0;0;0,00%;0,00%
XPCM11;Lajes Corporativas;6,89;-13,83%;0,00%;0,26;16636400;11204;1;848,36;27,46;3,24%;58,00%
XPIN11;Outros;71,4;7,75%;11,64%;0,68;510540000;318269;81;1976,13;242,13;12,25%;6,01%
XPLG11;Logística;99,97;8,02%;9,44%;0,94;3116660000;3129460;17;2945,04;258,17;8,77%;1,34%
XPML11;Shoppings;104,73;9,62%;10,44%;0,89;5940370000;11333700;15;12047,8;1015,66;8,43%;4,57%
XPSF11;Títulos e Val. Mob.;6,3;13,34%;12,74%;0,82;272803000;415496;0;0;0;0,00%;0,00%
ZAGH11;Híbrido;10,39;5,24%;7,33%;1,11;92384400;13806;1;2562,99;81;3,16%;0,00%
ZAVC11;Títulos e Val. Mob.;8,7;15,10%;17,55%;0,87;26946900;26128;0;0;0;0,00%;0,00%
ZAVI11;Híbrido;93,58;16,70%;15,29%;0,72;109799000;75795;9;1509,96;223,78;14,82%;0,83%
ZIFI11;Híbrido;589,99;-2,36%;0,00%;0,33;28015700;4830;0;0;0;0,00%;0,00%
